{
  "ReRoutes": [
    {
      "DownstreamPathTemplate": "/api/Admin/Getadmincreds",
      "DownstreamScheme": "http",
      "DownstreamHost": "localhost",
      "DownstreamPort": 9007,
      "UpstreamPathTemplate": "/api/Admin/Getadmincreds",
      "UpstreamHttpMethod": [ "Get" ],
      "QosOptions": {
        "ExceptionsAllowedBeforeBreaking": 3,
        "DurationOfBreak": 10,
        "TimeOUtValue": 5000
      }
    },

    {
      "DownstreamPathTemplate": "/api/Admin/Addairline",
      "DownstreamScheme": "http",
      "DownstreamHost": "localhost",
      "DownstreamPort": 9007,
      "UpstreamPathTemplate": "/api/Admin/Addairline",
      "UpstreamHttpMethod": [ "Post" ],
      "QosOptions": {
        "ExceptionsAllowedBeforeBreaking": 3,
        "DurationOfBreak": 10,
        "TimeOUtValue": 5000
      }
    },

    {
      "DownstreamPathTemplate": "/api/Admin/Scheduleairline",
      "DownstreamScheme": "http",
      "DownstreamHost": "localhost",
      "DownstreamPort": 9007,
      "UpstreamPathTemplate": "/api/Admin/Scheduleairline",
      "UpstreamHttpMethod": [ "Post" ],
      "QosOptions": {
        "ExceptionsAllowedBeforeBreaking": 3,
        "DurationOfBreak": 10,
        "TimeOUtValue": 5000
      }
    },

    {
      "DownstreamPathTemplate": "/api/Admin/blockairline",
      "DownstreamScheme": "http",
      "DownstreamHost": "localhost",
      "DownstreamPort": 9007,
      "UpstreamPathTemplate": "/api/Admin/blockairline",
      "UpstreamHttpMethod": [ "Delete" ],
      "QosOptions": {
        "ExceptionsAllowedBeforeBreaking": 3,
        "DurationOfBreak": 10,
        "TimeOUtValue": 5000
      }

    },

    {
      "DownstreamPathTemplate": "/api/User/UserRegistration",
      "DownstreamScheme": "http",
      "DownstreamHost": "localhost",
      "DownstreamPort": 5000,
      "UpstreamPathTemplate": "/api/User/UserRegistration",
      "UpstreamHttpMethod": [ "Post" ],
      "QosOptions": {
        "ExceptionsAllowedBeforeBreaking": 3,
        "DurationOfBreak": 10,
        "TimeOUtValue": 5000
      }
    },

    {
      "DownstreamPathTemplate": "/api/User/Ticketbook",
      "DownstreamScheme": "http",
      "DownstreamHost": "localhost",
      "DownstreamPort": 5000,
      "UpstreamPathTemplate": "/api/User/Ticketbook",
      "UpstreamHttpMethod": [ "Post" ],
      "QosOptions": {
        "ExceptionsAllowedBeforeBreaking": 3,
        "DurationOfBreak": 10,
        "TimeOUtValue": 5000
      }
    },

    {
      "DownstreamPathTemplate": "/api/User/Alluserdetails",
      "DownstreamScheme": "http",
      "DownstreamHost": "localhost",
      "DownstreamPort": 5000,
      "UpstreamPathTemplate": "/api/User/Alluserdetails",
      "UpstreamHttpMethod": [ "Get" ],
      "QosOptions": {
        "ExceptionsAllowedBeforeBreaking": 3,
        "DurationOfBreak": 10,
        "TimeOUtValue": 5000
      }
    },

    {
      "DownstreamPathTemplate": "/api/User/GetBookinghistory",
      "DownstreamScheme": "http",
      "DownstreamHost": "localhost",
      "DownstreamPort": 5000,
      "UpstreamPathTemplate": "/api/User/GetBookinghistory",
      "UpstreamHttpMethod": [ "Get" ],
      "QosOptions": {
        "ExceptionsAllowedBeforeBreaking": 3,
        "DurationOfBreak": 10,
        "TimeOUtValue": 5000
      }
    },

    {
      "DownstreamPathTemplate": "/api/User/CancelTicket",
      "DownstreamScheme": "http",
      "DownstreamHost": "localhost",
      "DownstreamPort": 5000,
      "UpstreamPathTemplate": "/api/User/CancelTicket",
      "UpstreamHttpMethod": [ "Delete" ],
      "QosOptions": {
        "ExceptionsAllowedBeforeBreaking": 3,
        "DurationOfBreak": 10,
        "TimeOUtValue": 5000
      }
    },

    {
      "DownstreamPathTemplate": "/api/User/Getuser",
      "DownstreamScheme": "http",
      "DownstreamHost": "localhost",
      "DownstreamPort": "5000",
      "UpstreamPathTemplate": "/api/User/Getuser",
      "UpstreamHttpMethod": [ "Get" ],
      "QosOptions": {
        "ExceptionsAllowedBeforeBreaking": 3,
        "DurationOfBreak": 10,
        "TimeOUtValue": 5000
      }
    },

    {
      "DownstreamPathTemplate": "/api/User/SearchSourceDestination",
      "DownstreamScheme": "http",
      "DownstreamHost": "localhost",
      "DownstreamPort": 5000,
      "UpstreamPathTemplate": "/api/User/SearchSourceDestination",
      "UpstreamHttpMethod": [ "Get" ],
      "QosOptions": {
        "ExceptionsAllowedBeforeBreaking": 3,
        "DurationOfBreak": 10,
        "TimeOUtValue": 5000
      }
    },

    {
      "DownstreamPathTemplate": "/api/User/Onewayroundtrip",
      "DownstreamScheme": "http",
      "DownstreamHost": "localhost",
      "DownstreamPort": 5000,
      "UpstreamPathTemplate": "/api/User/Onewayroundtrip",
      "UpstreamHttpMethod": [ "Get" ],
      "QosOptions": {
        "ExceptionsAllowedBeforeBreaking": 3,
        "DurationOfBreak": 10,
        "TimeOUtValue": 5000
      }
    },


    {
      "DownstreamPathTemplate": "/api/User/Datetimesearch",
      "DownstreamScheme": "http",
      "DownstreamHost": "localhost",
      "DownstreamPort": 5000,
      "UpstreamPathTemplate": "/api/User/Datetimesearch",
      "UpstreamHttpMethod": [ "Get" ],
      "QosOptions": {
        "ExceptionsAllowedBeforeBreaking": 3,
        "DurationOfBreak": 10,
        "TimeOUtValue": 5000
      }
    }

  ]
}
